id,firstName,lastName,maidenName,age,gender,extra_key
1,Emily,Johnson,Smith,28,female,
2,Michael,Williams,,35,male,
3,Sophia,Brown,,42,female,
4,James,Davis,,45,male,
5,Emma,Miller,Johnson,30,female,
6,Olivia,Wilson,,22,female,
7,Alexander,Jones,,38,male,
8,Ava,Taylor,,27,female,
9,Ethan,Martinez,,33,male,
10,Isabella,Anderson,Davis,31,female,
11,Liam,Garcia,,29,male,
12,Mia,Rodriguez,,24,female,
13,Noah,Hernandez,,40,male,
14,Charlotte,Lopez,Martinez,36,female,
15,William,Gonzalez,,32,male,
16,Avery,Perez,,25,female,
17,Evelyn,Sanchez,,37,female,
18,Logan,Torres,,31,male,
19,Abigail,Rivera,,28,female,
20,Jackson,Evans,,34,male,
21,Madison,Collins,,26,female,
22,Elijah,Stewart,,33,male,
23,Chloe,Morales,,39,female,
24,Mateo,Nguyen,,30,male,
25,Harper,Kelly,Evans,27,female,
26,Evelyn,Gonzalez,,35,female,
27,Daniel,Cook,,41,male,
28,Lily,Lee,Brown,29,female,
29,Henry,Hill,,38,male,
30,Addison,Wright,,32,female,
31,Gabriel,Adams,,36,male,
32,Natalie,Harris,,28,female,
33,Carter,Baker,,31,male,
34,Sofia,Mitchell,,25,female,
35,Jack,Ward,,29,male,
36,Harper,Turner,,33,female,
37,Mason,Parker,,34,male,
38,Aria,Roberts,,26,female,
39,Lucas,Gray,,30,male,
40,Ella,Adams,,27,female,
41,Evan,Reed,,32,male,
42,Avery,Carter,,28,female,
43,Benjamin,Foster,,34,male,
44,Scarlett,Wright,,26,female,
45,Lincoln,Kelly,,30,male,
46,Hannah,Robinson,,29,female,
47,Nicholas,Bailey,,35,male,
48,Luna,Russell,,27,female,
49,Jacob,Cooper,,31,male,
50,Stella,Hughes,,33,female,
51,Eli,Bennett,,29,male,
52,Grace,Perry,,26,female,
53,Lucas,Gordon,,35,male,
54,Ava,Harrison,,28,female,
55,Owen,Fisher,,31,male,
56,Samantha,Howard,,30,female,
57,Nathan,Dixon,,34,male,
58,Bella,Grant,,27,female,
59,Ethan,Fletcher,,33,male,
60,Lillian,Simmons,,32,female,
61,Mason,Pearson,,28,male,
62,Leah,Henderson,,26,female,
63,Logan,Lawson,,33,male,
64,Avery,Barnes,,29,female,
65,Caleb,Perkins,,30,male,
66,Aria,Ferguson,,27,female,
67,Gabriel,Hayes,,34,male,
68,Layla,Sullivan,,25,female,
69,Christopher,West,,31,male,
70,Zoe,Nicholson,,32,female,
71,Nolan,Bryant,,29,male,
72,Victoria,McDonald,,27,female,
73,Max,Russell,,34,male,
74,Penelope,Harper,,28,female,
75,Ryan,Graham,,31,male,
76,Madeline,Simpson,,26,female,
77,Jonathan,Pierce,,33,male,
78,Eleanor,Tyler,,30,female,
79,Isaac,Lawrence,,32,male,
80,Hazel,Gardner,,27,female,
81,Austin,Hudson,,29,male,
82,Lillian,Bishop,,26,female,
83,Dylan,Wells,,34,male,
84,Aaliyah,Hanson,,28,female,
85,Cameron,Burke,,31,male,
86,Nora,Mills,,26,female,
87,Hunter,Gordon,,33,male,
88,Aubrey,Wagner,,30,female,
89,Brayden,Fleming,,32,male,
90,Scarlett,Bowman,,27,female,
91,Levi,Hicks,,29,male,
92,Autumn,Gomez,,26,female,
93,Julian,Newton,,34,male,
94,Ruby,Andrews,,28,female,
95,Miles,Stevenson,,31,male,
96,Aurora,Lawson,,26,female,
97,Oscar,Powers,,33,male,
98,Clara,Berry,,30,female,
99,Gavin,Stanley,,32,male,
100,Lila,Hudson,,27,female,
1,Alice,Smith,Johnson,28,female,
2,John,Doe,,35,male,
3,Emily,Brown,Taylor,42,female,
4,Michael,Johnson,,24,male,
5,Emma,Wilson,Clark,31,female,
6,David,Martinez,,39,male,
7,Olivia,Anderson,Harris,29,female,
8,James,Garcia,,45,male,
9,Sophia,Jones,Moore,33,female,
10,Daniel,Taylor,,27,male,
11,Isabella,Jackson,White,36,female,
12,Alexander,Hernandez,,41,male,
13,Mia,Miller,Martin,25,female,
14,Ethan,Thompson,,32,male,
15,Charlotte,Davis,Brown,38,female,
16,William,Lopez,,26,male,
17,Amelia,Perez,Gonzalez,43,female,
18,Benjamin,Wilson,,30,male,
19,Liam,Gonzalez,Rodriguez,34,male,
20,Evelyn,Walker,Flores,37,female,
21,Ava,Harris,,29,female,
22,Liam,Smith,Thomas,44,male,
23,Harper,King,Baker,23,female,
24,Noah,Lewis,,39,male,
26,Logan,Lee,,45,male,
27,Avery,Scott,Adams,27,female,
28,Mason,Wright,,40,male,
29,Grace,Green,Evans,35,female,
30,Lucas,Allen,,26,male,
31,Chloe,Roberts,Price,41,female,
32,Jackson,Morales,,33,male,
33,Zoe,Bennett,Carter,28,female,
34,Carter,Rivera,,37,male,
35,Nora,Russell,Morgan,24,female,
36,Elijah,Cruz,,29,male,
37,Madison,Stewart,Kelly,36,female,
38,Gabriel,Bailey,,42,male,
39,Lily,Torres,Lopez,31,female,
40,Elijah,Hill,,26,male,
41,Hannah,Howard,Graham,35,female,
42,Owen,Sullivan,,43,male,
43,Aria,Parker,Miller,27,female,
44,Grayson,Coleman,,30,male,
45,Ella,Cook,Robinson,38,female,
46,Luke,Cooper,,25,male,
47,Leah,Hughes,Perez,32,female,
48,Henry,Turner,,44,male,
49,Aurora,Barnes,Gomez,29,female,
50,Wyatt,Perry,,34,male,
51,Stella,Morris,Sanchez,39,female,
52,Nathan,Reed,,28,male,
53,Paisley,Bell,Flores,43,female,
54,Christian,Perez,,31,male,
55,Bella,Gonzalez,Adams,26,female,
56,Nicholas,Edwards,,41,male,
57,Mila,Hernandez,Mitchell,33,female,
58,Aaron,Cook,,27,male,
59,Aubrey,Gutierrez,Baker,36,female,
60,Eli,Ward,,30,male,
61,Claire,Foster,Stewart,29,female,
62,James,Gonzales,,44,male,
63,Mateo,Bennett,,28,male,
65,Julian,James,,24,male,
66,Addison,Ward,Foster,29,female,
67,Leo,Rivera,,36,male,
68,Elena,Long,Mitchell,42,female,
69,Evan,Wright,,31,male,
70,Luna,Perez,Hernandez,26,female,
71,Jaxon,Barnes,,41,male,
72,Penelope,King,Taylor,33,female,
73,Connor,Baker,,27,male,
74,Ariana,Ross,Ward,36,female,
75,Asher,Scott,,30,male,
76,Sadie,Morales,Perez,29,female,
77,Gabriel,Mitchell,,44,male,
78,Aaliyah,Martinez,Adams,28,female,
79,Xavier,Wright,,37,male,
80,Savannah,Gomez,Evans,25,female,
81,Tyler,Davis,,42,male,
82,Aurora,Rodriguez,Nelson,31,female,
83,Brandon,Collins,,26,male,
84,Ellie,Stewart,Hill,41,female,
85,Cameron,Perez,,33,male,
86,Natalie,Price,Hernandez,28,female,
87,Henry,Adams,,44,male,
88,Harper,Garcia,Bell,29,female,
89,Zachary,Lee,,36,male,
90,Aria,Flores,Martin,25,female,
91,Tristan,Scott,,30,male,
92,Leah,Gutierrez,Wright,31,female,
93,Layla,Young,Brown,41,female,
94,Nolan,Gonzalez,,33,male,
95,Hazel,Evans,Collins,28,female,
96,Brayden,Hill,,45,male,
97,Violet,Roberts,Adams,29,female,
98,Lucas,Ramirez,,34,male,
99,Eleanor,Collins,Ward,37,female,
100,Max,Parker,,32,male,
91,Vivian,Carter,Gomez,26,female,
92,Adrian,Flores,,43,male,
93,Maya,Reed,Hernandez,29,female,
94,Caleb,Nelson,,36,male,
95,Nova,Cooper,Bell,31,female,
96,Mateo,Perez,,45,male,
97,Aubrey,Garcia,Gray,28,female,
98,Elena,Baker,,34,female,
99,Jace,Smith,,41,male,
100,Samantha,Martinez,Lopez,27,female,extra
