emp_id	name	age	city	department	salary
1001	Amit Sharma	22	Pune	IT	35000
1002	Priya Kulkarni	23	Mumbai	Finance	37750
1003	Rahul Jadhav	24	Bangalore	Operations	40500
1004	Sneha Gupta	25	Delhi	HR	43250
1005	Rohit Deshmukh	26	Hyderabad	Sales	46000
1006	Neha Pawar	27	Pune	IT	48750
1007	Akash Verma	28	Mumbai	Finance	51500
1008	Pooja Patil	29	Bangalore	Operations	54250
1009	Karan Joshi	30	Delhi	HR	57000
1010	Riya Singh	31	Hyderabad	Sales	59750
1011	Vivek Sharma	32	Pune	IT	62500
1012	Anjali Kulkarni	33	Mumbai	Finance	65250
1013	Saurabh Jadhav	34	Bangalore	Operations	68000
1014	Kavita Gupta	35	Delhi	HR	70750
1015	Nikhil Deshmukh	22	Hyderabad	Sales	73500
1016	Simran Pawar	23	Pune	IT	76250
1017	Aditya Verma	24	Mumbai	Finance	79000
1018	Meera Patil	25	Bangalore	Operations	81750
1019	Varun Joshi	26	Delhi	HR	84500
1020	Isha Singh	27	Hyderabad	Sales	87250
1021	Amit Sharma	28	Pune	IT	90000
1022	Priya Kulkarni	29	Mumbai	Finance	37749
1023	Rahul Jadhav	30	Bangalore	Operations	40499
1024	Sneha Gupta	31	Delhi	HR	43249
1025	Rohit Deshmukh	32	Hyderabad	Sales	45999
1026	Neha Pawar	33	Pune	IT	48749
1027	Akash Verma	34	Mumbai	Finance	51499
1028	Pooja Patil	35	Bangalore	Operations	54249
1029	Karan Joshi	22	Delhi	HR	56999
1030	Riya Singh	23	Hyderabad	Sales	59749
1031	Vivek Sharma	24	Pune	IT	62499
1032	Anjali Kulkarni	25	Mumbai	Finance	65249
1033	Saurabh Jadhav	26	Bangalore	Operations	67999
1034	Kavita Gupta	27	Delhi	HR	70749
1035	Nikhil Deshmukh	28	Hyderabad	Sales	73499
1036	Simran Pawar	29	Pune	IT	76249
1037	Aditya Verma	30	Mumbai	Finance	78999
1038	Meera Patil	31	Bangalore	Operations	81749
1039	Varun Joshi	32	Delhi	HR	84499
1040	Isha Singh	33	Hyderabad	Sales	87249
1041	Amit Sharma	34	Pune	IT	89999
1042	Priya Kulkarni	35	Mumbai	Finance	37748
1043	Rahul Jadhav	22	Bangalore	Operations	40498
1044	Sneha Gupta	23	Delhi	HR	43248
1045	Rohit Deshmukh	24	Hyderabad	Sales	45998
1046	Neha Pawar	25	Pune	IT	48748
1047	Akash Verma	26	Mumbai	Finance	51498
1048	Pooja Patil	27	Bangalore	Operations	54248
1049	Karan Joshi	28	Delhi	HR	56998
1050	Riya Singh	29	Hyderabad	Sales	59748
1051	Vivek Sharma	30	Pune	IT	62498
1052	Anjali Kulkarni	31	Mumbai	Finance	65248
1053	Saurabh Jadhav	32	Bangalore	Operations	67998
1054	Kavita Gupta	33	Delhi	HR	70748
1055	Nikhil Deshmukh	34	Hyderabad	Sales	73498
1056	Simran Pawar	35	Pune	IT	76248
1057	Aditya Verma	22	Mumbai	Finance	78998
1058	Meera Patil	23	Bangalore	Operations	81748
1059	Varun Joshi	24	Delhi	HR	84498
1060	Isha Singh	25	Hyderabad	Sales	87248
1061	Amit Sharma	26	Pune	IT	89998
1062	Priya Kulkarni	27	Mumbai	Finance	37747
1063	Rahul Jadhav	28	Bangalore	Operations	40497
1064	Sneha Gupta	29	Delhi	HR	43247
1065	Rohit Deshmukh	30	Hyderabad	Sales	45997
1066	Neha Pawar	31	Pune	IT	48747
1067	Akash Verma	32	Mumbai	Finance	51497
1068	Pooja Patil	33	Bangalore	Operations	54247
1069	Karan Joshi	34	Delhi	HR	56997
1070	Riya Singh	35	Hyderabad	Sales	59747
1071	Vivek Sharma	22	Pune	IT	62497
1072	Anjali Kulkarni	23	Mumbai	Finance	65247
1073	Saurabh Jadhav	24	Bangalore	Operations	67997
1074	Kavita Gupta	25	Delhi	HR	70747
1075	Nikhil Deshmukh	26	Hyderabad	Sales	73497
1076	Simran Pawar	27	Pune	IT	76247
1077	Aditya Verma	28	Mumbai	Finance	78997
1078	Meera Patil	29	Bangalore	Operations	81747
1079	Varun Joshi	30	Delhi	HR	84497
1080	Isha Singh	31	Hyderabad	Sales	87247
1081	Amit Sharma	32	Pune	IT	89997
1082	Priya Kulkarni	33	Mumbai	Finance	37746
1083	Rahul Jadhav	34	Bangalore	Operations	40496
1084	Sneha Gupta	35	Delhi	HR	43246
1085	Rohit Deshmukh	22	Hyderabad	Sales	45996
1086	Neha Pawar	23	Pune	IT	48746
1087	Akash Verma	24	Mumbai	Finance	51496
1088	Pooja Patil	25	Bangalore	Operations	54246
1089	Karan Joshi	26	Delhi	HR	56996
1090	Riya Singh	27	Hyderabad	Sales	59746
1091	Vivek Sharma	28	Pune	IT	62496
1092	Anjali Kulkarni	29	Mumbai	Finance	65246
1093	Saurabh Jadhav	30	Bangalore	Operations	67996
1094	Kavita Gupta	31	Delhi	HR	70746
1095	Nikhil Deshmukh	32	Hyderabad	Sales	73496
1096	Simran Pawar	33	Pune	IT	76246
1097	Aditya Verma	34	Mumbai	Finance	78996
1098	Meera Patil	35	Bangalore	Operations	81746
1099	Varun Joshi	22	Delhi	HR	84496
1100	Isha Singh	23	Hyderabad	Sales	87246
