id,firstName,lastName,age,gender,email,department,salary,skills,address,married,experience,phone,manager,remote,target,certifications,shift,portfolio,companyCar,languages,intern
1,Aarav,Sharma,28,male,aarav.sharma@example.com,IT,72000,"['Python', 'SQL', 'Excel']","{'city': 'Pune', 'state': 'Maharashtra', 'pincode': '411001'}",,,,,,,,,,,,
2,Priya,Patil,31,female,priya.patil@example.com,Finance,68000,"['Excel', 'Power BI']","{'city': 'Mumbai', 'state': 'Maharashtra', 'pincode': '400001'}",True,,,,,,,,,,,
3,Rohan,Deshmukh,35,male,rohan.deshmukh@example.com,HR,65000,"['Recruitment', 'Communication']","{'city': 'Nashik', 'state': 'Maharashtra', 'pincode': '422001'}",,10,,,,,,,,,,
4,Sneha,Kulkarni,27,female,sneha.kulkarni@example.com,Marketing,59000,"['SEO', 'Digital Marketing']","{'city': 'Nagpur', 'state': 'Maharashtra', 'pincode': '440001'}",,,9876543210,,,,,,,,,
5,Vikram,Joshi,42,male,vikram.joshi@example.com,Operations,85000,"['Management', 'Logistics']","{'city': 'Bengaluru', 'state': 'Karnataka', 'pincode': '560001'}",,,,Rajesh Mehta,,,,,,,,
6,Ananya,Iyer,25,female,ananya.iyer@example.com,IT,61000,"['Java', 'Python', 'SQL']","{'city': 'Chennai', 'state': 'Tamil Nadu', 'pincode': '600001'}",,,,,True,,,,,,,
7,Rahul,Verma,33,male,rahul.verma@example.com,Sales,70000,"['Sales', 'CRM']","{'city': 'Delhi', 'state': 'Delhi', 'pincode': '110001'}",,,,,,1500000,,,,,,
8,Kavya,Nair,29,female,kavya.nair@example.com,Data Analytics,78000,"['Python', 'Power BI', 'SQL']","{'city': 'Kochi', 'state': 'Kerala', 'pincode': '682001'}",,,,,,,"['PL-300', 'Google Data Analytics']",,,,,
9,Aditya,Gupta,38,male,aditya.gupta@example.com,IT,92000,"['JavaScript', 'React', 'Node.js']","{'city': 'Hyderabad', 'state': 'Telangana', 'pincode': '500001'}",,14,,,,,,,,,,
10,Neha,Singh,30,female,neha.singh@example.com,Customer Support,54000,"['Communication', 'Customer Service']","{'city': 'Jaipur', 'state': 'Rajasthan', 'pincode': '302001'}",,,,,,,,Morning,,,,
11,Siddharth,Bhosale,36,male,siddharth.bhosale@example.com,Finance,81000,"['Accounting', 'Excel', 'SAP']","{'city': 'Aurangabad', 'state': 'Maharashtra', 'pincode': '431001'}",True,,,,,,,,,,,
12,Meera,Reddy,26,female,meera.reddy@example.com,Design,63000,"['Figma', 'UI Design']","{'city': 'Vijayawada', 'state': 'Andhra Pradesh', 'pincode': '520001'}",,,,,,,,,meera-design,,,
13,Kunal,Shinde,41,male,kunal.shinde@example.com,Management,105000,"['Leadership', 'Strategy']","{'city': 'Pune', 'state': 'Maharashtra', 'pincode': '411014'}",,,,,,,,,,True,,
14,Pooja,Jadhav,32,female,pooja.jadhav@example.com,Operations,67000,"['Operations', 'Excel']","{'city': 'Kolhapur', 'state': 'Maharashtra', 'pincode': '416001'}",,,,,,,,,,,"['Marathi', 'Hindi', 'English']",
15,Manish,Mehta,39,male,manish.mehta@example.com,Sales,76000,"['Sales', 'Negotiation']","{'city': 'Ahmedabad', 'state': 'Gujarat', 'pincode': '380001'}",,,,,,2000000,,,,,,
16,Isha,Malhotra,24,female,isha.malhotra@example.com,IT,58000,"['Python', 'Django']","{'city': 'Gurugram', 'state': 'Haryana', 'pincode': '122001'}",,,,,,,,,,,,True
17,Akash,Pawar,34,male,akash.pawar@example.com,Data Analytics,74000,"['SQL', 'Power BI', 'Excel']","{'city': 'Solapur', 'state': 'Maharashtra', 'pincode': '413001'}",,8,,,,,,,,,,
18,Riya,Chavan,28,female,riya.chavan@example.com,HR,62000,"['Recruitment', 'HR Analytics']","{'city': 'Satara', 'state': 'Maharashtra', 'pincode': '415001'}",,,,,False,,,,,,,
19,Nikhil,Agarwal,37,male,nikhil.agarwal@example.com,Finance,88000,"['Accounting', 'Taxation']","{'city': 'Surat', 'state': 'Gujarat', 'pincode': '395001'}",,,,,,,['CA'],,,,,
20,Tanvi,Desai,29,female,tanvi.desai@example.com,Marketing,66000,"['Content Writing', 'Social Media']","{'city': 'Goa', 'state': 'Goa', 'pincode': '403001'}",,,,,,,,,,,"['English', 'Hindi', 'Marathi']",
