emp_id,emp_name,dept,salary,event_datetime,status,utc_datetime,ist_datetime,sgt_datetime,ust_datetime
101,Amit,IT,60000,2026-10-01 01:00:00,Active,2026-10-01 01:00:00+00:00,2026-10-01 06:30:00+05:30,2026-10-01 09:00:00+08:00,2026-09-30 18:00:00-07:00
102,Priya,HR,40000,2026-10-01 03:30:00,Active,2026-10-01 03:30:00+00:00,2026-10-01 09:00:00+05:30,2026-10-01 11:30:00+08:00,2026-09-30 20:30:00-07:00
103,Rahul,Finance,55000,2026-10-01 06:00:00,On Leave,2026-10-01 06:00:00+00:00,2026-10-01 11:30:00+05:30,2026-10-01 14:00:00+08:00,2026-09-30 23:00:00-07:00
104,Sneha,IT,75000,2026-10-01 08:15:00,Active,2026-10-01 08:15:00+00:00,2026-10-01 13:45:00+05:30,2026-10-01 16:15:00+08:00,2026-10-01 01:15:00-07:00
105,Vijay,Sales,45000,2026-10-01 10:45:00,Active,2026-10-01 10:45:00+00:00,2026-10-01 16:15:00+05:30,2026-10-01 18:45:00+08:00,2026-10-01 03:45:00-07:00
106,Neha,HR,42000,2026-10-02 00:30:00,Active,2026-10-02 00:30:00+00:00,2026-10-02 06:00:00+05:30,2026-10-02 08:30:00+08:00,2026-10-01 17:30:00-07:00
107,Rohit,IT,80000,2026-10-02 02:00:00,Active,2026-10-02 02:00:00+00:00,2026-10-02 07:30:00+05:30,2026-10-02 10:00:00+08:00,2026-10-01 19:00:00-07:00
108,Pooja,Finance,65000,2026-10-02 04:30:00,Resigned,2026-10-02 04:30:00+00:00,2026-10-02 10:00:00+05:30,2026-10-02 12:30:00+08:00,2026-10-01 21:30:00-07:00
109,Karan,Sales,48000,2026-10-02 07:00:00,Active,2026-10-02 07:00:00+00:00,2026-10-02 12:30:00+05:30,2026-10-02 15:00:00+08:00,2026-10-02 00:00:00-07:00
110,Meera,IT,90000,2026-10-02 09:30:00,Active,2026-10-02 09:30:00+00:00,2026-10-02 15:00:00+05:30,2026-10-02 17:30:00+08:00,2026-10-02 02:30:00-07:00
111,Arjun,HR,43000,2026-10-03 01:15:00,Active,2026-10-03 01:15:00+00:00,2026-10-03 06:45:00+05:30,2026-10-03 09:15:00+08:00,2026-10-02 18:15:00-07:00
112,Isha,Finance,58000,2026-10-03 03:45:00,Active,2026-10-03 03:45:00+00:00,2026-10-03 09:15:00+05:30,2026-10-03 11:45:00+08:00,2026-10-02 20:45:00-07:00
113,Sahil,IT,85000,2026-10-03 06:30:00,On Leave,2026-10-03 06:30:00+00:00,2026-10-03 12:00:00+05:30,2026-10-03 14:30:00+08:00,2026-10-02 23:30:00-07:00
114,Kavya,Sales,50000,2026-10-03 08:00:00,Active,2026-10-03 08:00:00+00:00,2026-10-03 13:30:00+05:30,2026-10-03 16:00:00+08:00,2026-10-03 01:00:00-07:00
115,Nikhil,HR,46000,2026-10-03 11:30:00,Active,2026-10-03 11:30:00+00:00,2026-10-03 17:00:00+05:30,2026-10-03 19:30:00+08:00,2026-10-03 04:30:00-07:00
116,Ananya,IT,95000,2026-10-04 00:00:00,Active,2026-10-04 00:00:00+00:00,2026-10-04 05:30:00+05:30,2026-10-04 08:00:00+08:00,2026-10-03 17:00:00-07:00
117,Dev,Finance,62000,2026-10-04 02:45:00,Active,2026-10-04 02:45:00+00:00,2026-10-04 08:15:00+05:30,2026-10-04 10:45:00+08:00,2026-10-03 19:45:00-07:00
118,Tanvi,Sales,52000,2026-10-04 05:15:00,Resigned,2026-10-04 05:15:00+00:00,2026-10-04 10:45:00+05:30,2026-10-04 13:15:00+08:00,2026-10-03 22:15:00-07:00
119,Om,IT,78000,2026-10-04 07:45:00,Active,2026-10-04 07:45:00+00:00,2026-10-04 13:15:00+05:30,2026-10-04 15:45:00+08:00,2026-10-04 00:45:00-07:00
120,Riya,HR,44000,2026-10-04 10:00:00,Active,2026-10-04 10:00:00+00:00,2026-10-04 15:30:00+05:30,2026-10-04 18:00:00+08:00,2026-10-04 03:00:00-07:00
121,Raj,Finance,60000,2026-10-05 01:30:00,Active,2026-10-05 01:30:00+00:00,2026-10-05 07:00:00+05:30,2026-10-05 09:30:00+08:00,2026-10-04 18:30:00-07:00
122,Simran,IT,88000,2026-10-05 04:00:00,Active,2026-10-05 04:00:00+00:00,2026-10-05 09:30:00+05:30,2026-10-05 12:00:00+08:00,2026-10-04 21:00:00-07:00
123,Varun,Sales,49000,2026-10-05 06:45:00,On Leave,2026-10-05 06:45:00+00:00,2026-10-05 12:15:00+05:30,2026-10-05 14:45:00+08:00,2026-10-04 23:45:00-07:00
124,Asha,HR,41000,2026-10-05 09:15:00,Active,2026-10-05 09:15:00+00:00,2026-10-05 14:45:00+05:30,2026-10-05 17:15:00+08:00,2026-10-05 02:15:00-07:00
125,Manish,IT,92000,2026-10-05 12:00:00,Active,2026-10-05 12:00:00+00:00,2026-10-05 17:30:00+05:30,2026-10-05 20:00:00+08:00,2026-10-05 05:00:00-07:00
126,Payal,Finance,57000,2026-10-06 00:45:00,Active,2026-10-06 00:45:00+00:00,2026-10-06 06:15:00+05:30,2026-10-06 08:45:00+08:00,2026-10-05 17:45:00-07:00
127,Akash,Sales,53000,2026-10-06 03:15:00,Resigned,2026-10-06 03:15:00+00:00,2026-10-06 08:45:00+05:30,2026-10-06 11:15:00+08:00,2026-10-05 20:15:00-07:00
128,Swati,IT,82000,2026-10-06 05:45:00,Active,2026-10-06 05:45:00+00:00,2026-10-06 11:15:00+05:30,2026-10-06 13:45:00+08:00,2026-10-05 22:45:00-07:00
129,Nitin,HR,47000,2026-10-06 08:30:00,Active,2026-10-06 08:30:00+00:00,2026-10-06 14:00:00+05:30,2026-10-06 16:30:00+08:00,2026-10-06 01:30:00-07:00
130,Pallavi,Finance,64000,2026-10-06 11:00:00,Active,2026-10-06 11:00:00+00:00,2026-10-06 16:30:00+05:30,2026-10-06 19:00:00+08:00,2026-10-06 04:00:00-07:00
